numer_sta,date,nb_niv,
07761,20241202111535,1180,
p_niv,altitude,t,td,dd,ff,
102000,5.000000,289.650000,280.050000,208,2.400000,
101750,26.000000,288.280000,280.140000,210,2.400000,
101610,37.000000,287.570000,280.720000,210,2.500000,
101440,51.000000,287.350000,281.670000,210,2.600000,
101260,66.000000,287.000000,281.490000,211,2.600000,
101170,74.000000,286.760000,281.250000,213,2.700000,
101090,81.000000,286.610000,281.020000,213,2.800000,
100930,94.000000,286.560000,280.710000,213,2.800000,
100820,103.000000,286.560000,280.460000,214,2.800000,
100690,114.000000,286.420000,280.320000,214,2.900000,
100580,123.000000,286.370000,280.120000,214,2.900000,
100450,134.000000,286.340000,280.000000,215,2.900000,
100310,146.000000,286.180000,279.890000,215,2.900000,
100180,156.000000,286.150000,279.960000,216,2.900000,
100000,172.000000,286.030000,279.930000,216,2.900000,
99940,177.000000,285.980000,279.970000,216,2.800000,
99820,187.000000,285.840000,279.950000,215,2.800000,
99710,196.000000,285.740000,279.980000,215,2.700000,
99590,206.000000,285.670000,280.040000,217,2.600000,
99460,218.000000,285.550000,280.090000,220,2.500000,
99340,227.000000,285.500000,280.210000,222,2.400000,
99220,238.000000,285.430000,280.290000,224,2.100000,
99090,248.000000,285.500000,280.460000,230,1.900000,
98960,260.000000,285.450000,280.480000,236,1.700000,
98820,271.000000,285.310000,280.390000,240,1.500000,
98690,283.000000,285.260000,280.370000,247,1.400000,
98560,294.000000,285.120000,280.250000,258,1.300000,
98480,300.000000,285.070000,280.240000,267,1.300000,
98310,315.000000,285.000000,280.210000,275,1.300000,
98210,323.000000,284.980000,280.230000,287,1.300000,
98110,332.000000,284.930000,280.210000,296,1.400000,
98020,339.000000,284.880000,280.200000,302,1.500000,
97910,349.000000,284.740000,280.130000,308,1.700000,
97760,361.000000,284.600000,280.030000,313,1.800000,
97630,372.000000,284.600000,280.060000,314,2.000000,
97480,386.000000,284.480000,279.970000,314,2.200000,
97340,398.000000,284.390000,279.910000,315,2.300000,
97220,408.000000,284.320000,279.910000,316,2.300000,
97090,419.000000,284.220000,279.880000,314,2.300000,
96970,429.000000,284.150000,279.850000,312,2.300000,
96850,440.000000,284.030000,279.790000,312,2.400000,
96710,452.000000,283.940000,279.720000,311,2.400000,
96590,462.000000,283.890000,279.660000,312,2.500000,
96450,474.000000,283.800000,279.590000,314,2.600000,
96350,483.000000,283.710000,279.560000,317,2.600000,
96230,493.000000,283.640000,279.560000,319,2.600000,
96090,506.000000,283.470000,279.480000,319,2.600000,
95940,518.000000,283.360000,279.420000,318,2.600000,
95800,531.000000,283.260000,279.390000,317,2.700000,
95670,542.000000,283.170000,279.330000,316,2.700000,
95550,553.000000,283.070000,279.170000,315,2.800000,
95420,563.000000,283.000000,279.080000,315,2.900000,
95320,572.000000,282.910000,279.040000,316,3.100000,
95170,586.000000,282.770000,278.830000,318,3.200000,
95000,600.000000,282.680000,278.590000,318,3.400000,
94890,610.000000,282.650000,278.570000,318,3.600000,
94760,621.000000,282.540000,278.540000,320,3.700000,
94640,632.000000,282.440000,278.500000,321,3.800000,
94510,644.000000,282.350000,278.450000,321,3.700000,
94380,654.000000,282.250000,278.400000,322,3.700000,
94270,664.000000,282.160000,278.410000,322,3.600000,
94150,675.000000,282.040000,278.250000,322,3.600000,
94030,685.000000,281.930000,277.880000,322,3.700000,
93880,699.000000,281.900000,277.660000,323,3.900000,
93760,710.000000,281.830000,277.290000,324,4.100000,
93620,722.000000,281.810000,276.950000,325,4.200000,
93480,734.000000,281.720000,276.740000,325,4.200000,
93370,744.000000,281.600000,276.370000,326,4.200000,
93260,753.000000,281.600000,276.210000,327,4.200000,
93150,763.000000,281.510000,276.240000,327,4.100000,
93040,773.000000,281.460000,276.300000,327,4.000000,
92940,782.000000,281.370000,275.960000,328,4.000000,
92830,792.000000,281.320000,275.970000,330,3.900000,
92740,800.000000,281.300000,276.720000,332,3.800000,
92620,811.000000,281.130000,276.920000,334,3.700000,
92500,821.000000,281.160000,276.750000,336,3.700000,
92420,828.000000,281.110000,276.580000,338,3.600000,
92330,836.000000,281.090000,276.490000,339,3.600000,
92240,844.000000,281.000000,276.540000,340,3.600000,
92100,856.000000,280.830000,276.690000,340,3.600000,
91980,868.000000,280.650000,276.350000,339,3.500000,
91850,879.000000,280.720000,275.880000,340,3.400000,
91730,890.000000,280.720000,275.470000,341,3.200000,
91620,900.000000,280.740000,275.020000,342,3.000000,
91480,913.000000,280.810000,274.460000,345,2.800000,
91370,923.000000,280.810000,273.990000,349,2.700000,
91240,935.000000,280.720000,273.870000,353,2.700000,
91100,947.000000,280.530000,273.920000,356,2.700000,
90980,957.000000,280.390000,273.960000,357,2.700000,
90840,970.000000,280.230000,273.930000,359,2.800000,
90710,982.000000,280.120000,273.740000,1,2.900000,
90590,993.000000,280.140000,272.660000,1,3.000000,
90480,1003.000000,280.050000,272.450000,1,3.000000,
90380,1012.000000,279.980000,272.390000,360,3.100000,
90270,1022.000000,279.930000,272.460000,359,3.300000,
90140,1034.000000,280.050000,272.490000,357,3.400000,
90000,1047.000000,280.000000,272.590000,356,3.500000,
89900,1056.000000,279.930000,272.980000,355,3.700000,
89790,1066.000000,279.890000,273.370000,355,3.900000,
89670,1077.000000,279.980000,273.310000,355,4.100000,
89510,1091.000000,280.340000,272.510000,355,4.200000,
89370,1105.000000,280.390000,272.220000,355,4.300000,
89260,1115.000000,280.300000,272.050000,355,4.400000,
89140,1126.000000,280.230000,271.940000,354,4.500000,
89010,1138.000000,280.110000,271.960000,353,4.500000,
88880,1150.000000,280.070000,272.070000,353,4.500000,
88750,1162.000000,280.070000,272.150000,352,4.600000,
88620,1173.000000,279.970000,272.050000,352,4.500000,
88490,1185.000000,279.880000,271.910000,353,4.300000,
88380,1196.000000,279.790000,271.890000,354,4.200000,
88260,1207.000000,279.650000,271.850000,356,4.200000,
88120,1220.000000,279.670000,271.610000,358,4.000000,
88010,1230.000000,279.700000,271.440000,360,3.700000,
87870,1244.000000,279.630000,271.290000,2,3.600000,
87720,1257.000000,279.720000,271.120000,3,3.400000,
87600,1269.000000,279.830000,271.040000,5,3.200000,
87480,1280.000000,279.900000,270.850000,7,2.900000,
87370,1290.000000,279.810000,270.640000,10,2.800000,
87270,1300.000000,279.740000,270.470000,11,2.600000,
87170,1309.000000,279.670000,270.330000,15,2.400000,
87070,1319.000000,279.620000,270.090000,19,2.200000,
86920,1333.000000,279.560000,269.710000,22,2.000000,
86770,1346.000000,279.620000,268.990000,25,1.800000,
86660,1357.000000,279.740000,268.280000,30,1.600000,
86520,1371.000000,280.310000,268.150000,34,1.500000,
86390,1382.000000,280.750000,268.270000,33,1.400000,
86280,1393.000000,281.070000,267.880000,33,1.200000,
86180,1403.000000,281.230000,267.800000,36,1.100000,
86050,1415.000000,281.400000,267.420000,37,1.000000,
85910,1428.000000,281.300000,267.150000,35,0.900000,
85790,1441.000000,281.230000,266.930000,39,0.900000,
85670,1452.000000,281.230000,266.710000,45,1.000000,
85600,1458.000000,281.350000,266.610000,48,1.100000,
85410,1477.000000,281.250000,266.410000,45,1.300000,
85310,1487.000000,281.210000,266.370000,43,1.400000,
85210,1496.000000,281.160000,266.540000,39,1.600000,
85000,1517.000000,281.040000,266.480000,34,1.800000,
84910,1525.000000,280.970000,266.800000,28,2.100000,
84780,1538.000000,280.860000,266.880000,25,2.400000,
84680,1547.000000,280.930000,267.540000,23,2.800000,
84570,1559.000000,281.070000,267.910000,22,3.100000,
84470,1568.000000,281.000000,267.850000,20,3.400000,
84370,1578.000000,280.950000,267.770000,18,3.600000,
84280,1587.000000,280.950000,267.410000,17,3.800000,
84180,1596.000000,280.920000,267.300000,17,3.900000,
84100,1605.000000,280.830000,267.210000,16,4.100000,
84020,1612.000000,280.830000,267.130000,15,4.300000,
83920,1622.000000,280.830000,267.300000,13,4.500000,
83820,1632.000000,280.810000,267.600000,12,4.600000,
83700,1644.000000,280.690000,267.540000,10,4.800000,
83560,1657.000000,280.710000,267.960000,7,5.000000,
83430,1670.000000,280.710000,268.460000,5,5.200000,
83340,1679.000000,280.690000,268.530000,4,5.400000,
83230,1689.000000,280.600000,268.560000,2,5.600000,
83130,1700.000000,280.530000,268.590000,1,5.700000,
83010,1712.000000,280.440000,268.530000,359,5.800000,
82900,1723.000000,280.320000,268.540000,359,5.800000,
82790,1734.000000,280.300000,268.430000,358,5.900000,
82680,1745.000000,280.300000,268.410000,357,5.900000,
82560,1756.000000,280.360000,268.170000,357,5.800000,
82460,1766.000000,280.410000,267.640000,358,5.800000,
82330,1780.000000,280.430000,267.280000,359,5.800000,
82190,1794.000000,280.430000,267.030000,359,5.900000,
82070,1805.000000,280.410000,266.900000,359,6.000000,
81980,1815.000000,280.410000,266.530000,359,6.100000,
81870,1825.000000,280.450000,266.230000,359,6.400000,
81760,1836.000000,280.480000,266.100000,358,6.500000,
81630,1849.000000,280.360000,266.000000,357,6.500000,
81500,1863.000000,280.310000,265.760000,357,6.600000,
81390,1873.000000,280.270000,265.620000,357,6.700000,
81280,1884.000000,280.180000,265.460000,356,6.800000,
81180,1895.000000,280.130000,265.320000,356,6.900000,
81090,1904.000000,280.060000,265.070000,357,6.900000,
81000,1914.000000,279.990000,265.000000,356,7.100000,
80880,1926.000000,279.830000,264.590000,356,7.200000,
80770,1937.000000,279.880000,264.140000,355,7.300000,
80670,1947.000000,279.780000,263.970000,355,7.400000,
80570,1956.000000,279.670000,263.870000,354,7.600000,
80450,1969.000000,279.580000,263.690000,353,7.700000,
80330,1981.000000,279.490000,263.560000,352,7.900000,
80210,1993.000000,279.390000,263.610000,351,7.900000,
80110,2003.000000,279.320000,263.600000,350,7.900000,
80000,2015.000000,279.260000,263.720000,350,7.800000,
79900,2025.000000,279.160000,263.380000,351,7.500000,
79790,2037.000000,279.100000,263.250000,352,7.300000,
79680,2047.000000,279.050000,262.630000,354,7.100000,
79560,2060.000000,278.940000,262.020000,355,7.000000,
79450,2071.000000,278.910000,261.840000,356,6.800000,
79350,2082.000000,278.820000,261.730000,357,6.700000,
79250,2092.000000,278.750000,261.810000,357,6.500000,
79170,2100.000000,278.680000,261.360000,357,6.400000,
79030,2115.000000,278.660000,261.310000,357,6.400000,
78940,2124.000000,278.660000,261.220000,357,6.400000,
78870,2131.000000,278.620000,261.210000,357,6.400000,
78800,2138.000000,278.570000,261.190000,357,6.400000,
78730,2146.000000,278.570000,261.060000,357,6.300000,
78650,2154.000000,278.550000,260.700000,357,6.300000,
78570,2162.000000,278.500000,260.510000,356,6.100000,
78500,2170.000000,278.410000,260.380000,357,6.000000,
78380,2182.000000,278.250000,260.210000,357,5.900000,
78280,2193.000000,278.200000,260.120000,358,5.800000,
78190,2202.000000,278.110000,260.050000,359,5.700000,
78090,2212.000000,278.000000,259.940000,360,5.600000,
77990,2222.000000,277.930000,259.860000,1,5.600000,
77900,2232.000000,277.880000,259.580000,1,5.500000,
77790,2244.000000,277.840000,259.400000,1,5.500000,
77670,2256.000000,277.750000,259.320000,360,5.500000,
77570,2266.000000,277.750000,259.210000,359,5.500000,
77470,2277.000000,277.700000,259.090000,358,5.500000,
77380,2287.000000,277.650000,258.940000,357,5.500000,
77290,2296.000000,277.590000,258.830000,356,5.500000,
77220,2304.000000,277.560000,258.770000,356,5.400000,
77140,2312.000000,277.490000,258.550000,355,5.200000,
77040,2322.000000,277.400000,258.480000,354,4.900000,
76920,2335.000000,277.240000,258.380000,353,4.700000,
76800,2348.000000,277.100000,258.290000,353,4.500000,
76700,2358.000000,277.040000,258.250000,353,4.300000,
76600,2369.000000,276.920000,258.170000,352,4.200000,
76480,2381.000000,276.760000,258.070000,351,4.100000,
76370,2393.000000,276.720000,258.040000,350,4.100000,
76270,2404.000000,276.600000,258.030000,348,4.000000,
76210,2411.000000,276.560000,258.070000,345,4.100000,
76110,2421.000000,276.440000,257.940000,343,4.100000,
76000,2433.000000,276.330000,258.010000,341,4.200000,
75900,2444.000000,276.240000,258.050000,340,4.300000,
75790,2455.000000,276.150000,258.050000,340,4.400000,
75660,2469.000000,276.030000,258.050000,339,4.500000,
75570,2479.000000,275.920000,257.950000,338,4.500000,
75470,2489.000000,275.830000,257.910000,337,4.500000,
75380,2499.000000,275.760000,257.900000,338,4.600000,
75280,2509.000000,275.650000,257.710000,339,4.700000,
75160,2522.000000,275.580000,257.690000,339,4.900000,
75040,2535.000000,275.490000,257.620000,340,5.100000,
74940,2546.000000,275.380000,257.490000,341,5.200000,
74850,2556.000000,275.260000,257.460000,341,5.300000,
74760,2566.000000,275.200000,257.400000,340,5.400000,
74660,2577.000000,275.130000,257.250000,340,5.400000,
74580,2585.000000,275.080000,257.120000,339,5.300000,
74480,2596.000000,274.940000,256.910000,337,5.300000,
74370,2608.000000,274.850000,256.750000,335,5.400000,
74250,2621.000000,274.740000,256.670000,334,5.400000,
74140,2632.000000,274.720000,256.670000,332,5.500000,
74060,2641.000000,274.630000,256.690000,332,5.400000,
73970,2651.000000,274.540000,256.510000,331,5.400000,
73890,2659.000000,274.510000,256.360000,331,5.300000,
73780,2672.000000,274.470000,255.830000,331,5.200000,
73680,2683.000000,274.400000,255.740000,331,5.200000,
73590,2693.000000,274.290000,255.690000,329,5.200000,
73500,2702.000000,274.240000,255.690000,327,5.200000,
73430,2709.000000,274.200000,255.620000,326,5.300000,
73360,2717.000000,274.130000,255.510000,324,5.300000,
73260,2729.000000,274.020000,255.370000,322,5.200000,
73160,2740.000000,273.950000,255.080000,321,5.100000,
73070,2750.000000,273.900000,254.510000,320,5.100000,
72990,2759.000000,273.900000,253.740000,320,5.100000,
72900,2768.000000,273.900000,253.440000,320,5.200000,
72830,2775.000000,273.860000,253.140000,320,5.200000,
72750,2785.000000,273.880000,252.720000,320,5.300000,
72670,2793.000000,273.810000,252.510000,321,5.300000,
72600,2801.000000,273.720000,252.330000,323,5.300000,
72530,2809.000000,273.630000,252.200000,325,5.300000,
72420,2821.000000,273.520000,251.820000,326,5.300000,
72310,2834.000000,273.470000,251.010000,327,5.400000,
72190,2846.000000,273.380000,250.530000,327,5.600000,
72110,2856.000000,273.410000,250.210000,327,5.700000,
72010,2866.000000,273.400000,248.240000,328,5.900000,
71930,2876.000000,273.470000,246.320000,328,6.200000,
71810,2889.000000,273.490000,244.060000,330,6.300000,
71720,2899.000000,273.610000,240.470000,333,6.400000,
71620,2910.000000,273.610000,238.470000,336,6.500000,
71570,2916.000000,273.560000,237.880000,339,6.600000,
71390,2936.000000,273.510000,239.210000,342,6.700000,
71290,2947.000000,273.470000,240.860000,345,6.800000,
71190,2958.000000,273.400000,242.550000,346,7.000000,
71080,2971.000000,273.310000,242.540000,346,7.100000,
70990,2981.000000,273.360000,242.420000,346,7.100000,
70910,2990.000000,273.310000,242.230000,346,7.100000,
70810,3001.000000,273.200000,241.810000,346,7.100000,
70730,3010.000000,273.150000,241.800000,347,7.100000,
70670,3017.000000,273.150000,241.860000,347,7.000000,
70580,3027.000000,273.040000,241.730000,348,7.000000,
70480,3038.000000,272.950000,241.640000,350,6.900000,
70410,3046.000000,272.930000,241.660000,351,6.800000,
70340,3055.000000,272.840000,241.610000,351,6.700000,
70270,3062.000000,272.770000,241.540000,351,6.600000,
70190,3072.000000,272.650000,241.380000,352,6.600000,
70090,3083.000000,272.560000,241.320000,352,6.500000,
70000,3093.000000,272.500000,241.330000,352,6.400000,
69890,3105.000000,272.380000,241.080000,351,6.400000,
69810,3114.000000,272.340000,241.020000,350,6.200000,
69730,3124.000000,272.290000,241.030000,349,6.100000,
69660,3131.000000,272.290000,241.290000,347,5.900000,
69570,3142.000000,272.220000,241.260000,345,5.800000,
69460,3155.000000,272.290000,241.550000,344,5.700000,
69380,3164.000000,272.310000,242.020000,343,5.700000,
69300,3173.000000,272.250000,242.070000,343,5.700000,
69220,3182.000000,272.160000,242.170000,344,5.800000,
69140,3192.000000,272.090000,242.190000,344,5.900000,
69070,3200.000000,272.040000,242.850000,343,5.900000,
69000,3208.000000,272.000000,243.270000,342,6.000000,
68920,3217.000000,271.970000,243.740000,341,6.100000,
68860,3224.000000,271.880000,244.020000,340,6.200000,
68770,3234.000000,271.770000,244.680000,338,6.400000,
68670,3246.000000,271.700000,245.620000,337,6.600000,
68560,3258.000000,271.660000,246.360000,336,6.700000,
68480,3268.000000,271.610000,246.520000,334,6.700000,
68380,3280.000000,271.480000,246.530000,333,6.600000,
68260,3294.000000,271.340000,246.510000,332,6.600000,
68180,3302.000000,271.280000,246.530000,331,6.700000,
68100,3312.000000,271.140000,246.460000,330,6.800000,
68010,3323.000000,271.030000,246.420000,330,7.000000,
67920,3333.000000,270.950000,246.460000,329,7.200000,
67830,3344.000000,270.850000,246.480000,327,7.400000,
67710,3358.000000,270.690000,246.560000,326,7.400000,
67610,3369.000000,270.580000,246.630000,324,7.400000,
67520,3380.000000,270.530000,246.900000,323,7.400000,
67440,3389.000000,270.420000,247.020000,322,7.400000,
67370,3397.000000,270.400000,247.240000,321,7.400000,
67290,3407.000000,270.310000,247.700000,319,7.400000,
67240,3413.000000,270.330000,248.330000,318,7.500000,
67170,3421.000000,270.260000,248.360000,315,7.500000,
67070,3432.000000,270.130000,248.010000,313,7.600000,
67010,3440.000000,270.060000,247.950000,312,7.700000,
66950,3447.000000,269.970000,247.880000,311,7.800000,
66860,3458.000000,269.860000,247.330000,311,7.900000,
66730,3473.000000,269.770000,247.260000,311,8.100000,
66630,3485.000000,269.700000,247.180000,312,8.400000,
66540,3495.000000,269.610000,247.140000,311,8.500000,
66470,3504.000000,269.520000,247.200000,311,8.600000,
66390,3513.000000,269.450000,247.370000,310,8.600000,
66300,3524.000000,269.340000,247.680000,310,8.600000,
66210,3535.000000,269.270000,248.160000,310,8.400000,
66120,3545.000000,269.200000,248.480000,311,8.100000,
66040,3555.000000,269.140000,248.800000,313,8.000000,
65960,3565.000000,269.070000,249.910000,314,7.800000,
65880,3574.000000,269.000000,247.870000,315,7.700000,
65760,3588.000000,268.910000,247.040000,316,7.600000,
65660,3600.000000,268.840000,246.720000,316,7.400000,
65590,3608.000000,268.770000,246.300000,317,7.200000,
65520,3617.000000,268.710000,246.110000,319,7.000000,
65440,3627.000000,268.590000,245.920000,321,6.800000,
65330,3639.000000,268.500000,245.120000,323,6.700000,
65240,3651.000000,268.410000,244.230000,324,6.500000,
65170,3660.000000,268.390000,244.080000,324,6.300000,
65100,3668.000000,268.230000,243.190000,324,6.000000,
65010,3679.000000,268.170000,242.000000,324,5.800000,
64920,3690.000000,268.190000,240.500000,324,5.600000,
64810,3703.000000,268.280000,239.660000,324,5.500000,
64760,3709.000000,268.320000,236.510000,325,5.400000,
64620,3726.000000,268.300000,235.760000,324,5.500000,
64540,3736.000000,268.370000,236.650000,323,5.700000,
64460,3745.000000,268.300000,237.420000,321,5.800000,
64370,3756.000000,268.250000,237.740000,318,6.000000,
64310,3764.000000,268.230000,237.790000,316,6.100000,
64220,3775.000000,268.140000,239.250000,314,6.200000,
64120,3787.000000,268.180000,246.060000,313,6.300000,
64020,3799.000000,268.120000,250.960000,312,6.400000,
63920,3812.000000,268.000000,256.720000,310,6.500000,
63790,3827.000000,267.870000,259.510000,309,6.600000,
63710,3837.000000,267.830000,260.140000,307,6.700000,
63610,3849.000000,267.680000,260.480000,306,6.700000,
63550,3857.000000,267.640000,260.580000,305,6.700000,
63480,3866.000000,267.610000,260.520000,306,6.600000,
63380,3877.000000,267.500000,260.310000,306,6.400000,
63280,3891.000000,267.410000,260.250000,307,6.200000,
63170,3904.000000,267.340000,260.130000,308,6.000000,
63060,3917.000000,267.230000,259.970000,307,5.800000,
62990,3927.000000,267.160000,259.880000,306,5.700000,
62930,3934.000000,267.110000,259.840000,306,5.400000,
62830,3946.000000,267.000000,259.740000,306,5.300000,
62720,3960.000000,266.890000,259.700000,307,5.200000,
62650,3969.000000,266.840000,259.650000,308,5.100000,
62570,3978.000000,266.770000,259.620000,309,5.000000,
62500,3988.000000,266.640000,259.510000,309,5.100000,
62410,3998.000000,266.570000,259.470000,310,5.100000,
62340,4008.000000,266.500000,259.470000,311,5.200000,
62260,4018.000000,266.410000,259.450000,311,5.300000,
62150,4031.000000,266.250000,259.200000,312,5.300000,
62050,4044.000000,266.230000,258.940000,313,5.300000,
61940,4057.000000,266.120000,258.510000,314,5.300000,
61840,4070.000000,266.020000,257.980000,314,5.400000,
61750,4081.000000,266.040000,257.310000,314,5.600000,
61670,4091.000000,266.040000,256.760000,314,5.900000,
61560,4106.000000,265.950000,256.300000,315,6.100000,
61470,4117.000000,265.950000,256.330000,316,6.400000,
61400,4126.000000,265.880000,256.160000,317,6.600000,
61310,4137.000000,265.770000,255.980000,317,6.700000,
61200,4151.000000,265.630000,255.990000,317,6.700000,
61110,4163.000000,265.630000,255.840000,318,6.700000,
61010,4175.000000,265.560000,255.740000,318,6.700000,
60950,4183.000000,265.540000,255.560000,317,6.700000,
60880,4192.000000,265.470000,255.360000,317,6.700000,
60820,4200.000000,265.430000,255.140000,317,6.600000,
60740,4210.000000,265.360000,255.100000,317,6.500000,
60640,4223.000000,265.270000,254.920000,317,6.400000,
60550,4234.000000,265.220000,254.930000,317,6.300000,
60490,4242.000000,265.130000,254.890000,317,6.400000,
60380,4256.000000,264.990000,254.690000,317,6.500000,
60290,4268.000000,264.900000,254.620000,318,6.700000,
60220,4277.000000,264.850000,254.560000,318,6.900000,
60120,4290.000000,264.720000,254.490000,318,7.000000,
60000,4305.000000,264.600000,254.400000,319,7.200000,
59940,4313.000000,264.530000,254.280000,318,7.300000,
59850,4324.000000,264.440000,254.020000,318,7.400000,
59750,4337.000000,264.300000,253.640000,317,7.600000,
59660,4349.000000,264.260000,253.320000,316,7.800000,
59580,4360.000000,264.210000,253.170000,315,8.000000,
59510,4369.000000,264.160000,253.050000,314,8.100000,
59430,4379.000000,264.120000,252.820000,313,8.200000,
59330,4392.000000,263.980000,252.700000,314,8.300000,
59230,4406.000000,263.930000,252.480000,314,8.400000,
59140,4418.000000,263.860000,252.370000,314,8.500000,
59050,4429.000000,263.840000,252.290000,314,8.500000,
58970,4439.000000,263.700000,252.180000,313,8.500000,
58880,4450.000000,263.610000,252.100000,312,8.400000,
58780,4464.000000,263.490000,251.960000,310,8.200000,
58690,4475.000000,263.520000,251.870000,308,8.100000,
58600,4488.000000,263.400000,251.640000,305,8.000000,
58500,4500.000000,263.290000,251.530000,303,7.900000,
58400,4513.000000,263.210000,251.420000,302,7.800000,
58320,4525.000000,263.100000,251.330000,301,7.700000,
58240,4536.000000,263.010000,251.290000,301,7.500000,
58150,4547.000000,263.030000,251.160000,301,7.300000,
58050,4561.000000,262.910000,250.910000,301,7.200000,
57950,4574.000000,262.890000,250.680000,301,7.100000,
57880,4583.000000,262.870000,250.620000,301,7.100000,
57810,4592.000000,262.800000,250.540000,301,7.200000,
57710,4605.000000,262.610000,250.390000,301,7.400000,
57610,4619.000000,262.560000,250.350000,301,7.500000,
57520,4631.000000,262.450000,250.220000,302,7.800000,
57450,4640.000000,262.350000,250.160000,303,8.000000,
57380,4650.000000,262.280000,250.170000,304,8.100000,
57270,4664.000000,262.120000,250.050000,306,8.100000,
57170,4677.000000,262.030000,249.960000,308,8.100000,
57100,4688.000000,262.000000,249.840000,310,8.100000,
57000,4701.000000,261.840000,249.660000,311,8.100000,
56900,4714.000000,261.750000,249.580000,312,8.200000,
56820,4725.000000,261.650000,249.510000,312,8.300000,
56750,4735.000000,261.590000,249.490000,311,8.300000,
56660,4746.000000,261.460000,249.420000,311,8.400000,
56600,4754.000000,261.370000,249.330000,309,8.400000,
56530,4764.000000,261.320000,249.290000,309,8.400000,
56460,4773.000000,261.250000,249.310000,308,8.400000,
56370,4786.000000,261.160000,249.300000,307,8.400000,
56290,4797.000000,261.060000,249.230000,306,8.400000,
56230,4804.000000,261.020000,249.190000,305,8.200000,
56170,4813.000000,260.970000,249.150000,304,8.000000,
56080,4825.000000,260.780000,249.000000,303,7.800000,
56010,4835.000000,260.660000,249.000000,302,7.600000,
55920,4846.000000,260.590000,249.000000,301,7.500000,
55860,4855.000000,260.520000,248.960000,300,7.600000,
55770,4867.000000,260.400000,248.840000,299,7.700000,
55690,4879.000000,260.310000,248.700000,298,7.900000,
55590,4892.000000,260.160000,248.510000,297,8.100000,
55510,4903.000000,260.090000,248.520000,296,8.200000,
55430,4913.000000,260.040000,248.530000,296,8.100000,
55360,4923.000000,259.970000,248.560000,296,8.000000,
55300,4932.000000,259.900000,248.530000,296,7.800000,
55200,4946.000000,259.760000,248.430000,297,7.600000,
55090,4961.000000,259.610000,248.330000,298,7.400000,
55000,4973.000000,259.540000,248.330000,299,7.300000,
54930,4983.000000,259.440000,248.320000,299,7.200000,
54870,4991.000000,259.320000,248.210000,300,7.300000,
54770,5005.000000,259.150000,248.180000,300,7.300000,
54680,5018.000000,259.060000,248.110000,301,7.400000,
54600,5029.000000,258.960000,248.080000,301,7.500000,
54530,5038.000000,258.910000,248.030000,302,7.700000,
54480,5045.000000,258.840000,248.060000,302,7.800000,
54420,5054.000000,258.740000,248.040000,302,7.900000,
54320,5067.000000,258.590000,248.020000,302,7.900000,
54250,5078.000000,258.540000,248.000000,301,7.900000,
54190,5085.000000,258.500000,247.920000,301,7.900000,
54130,5094.000000,258.400000,247.890000,300,7.900000,
54040,5106.000000,258.250000,247.800000,299,7.900000,
53960,5118.000000,258.200000,247.750000,299,8.000000,
53910,5125.000000,258.130000,247.630000,299,8.200000,
53830,5136.000000,258.010000,247.470000,298,8.500000,
53740,5148.000000,257.930000,247.310000,298,8.900000,
53690,5155.000000,257.880000,247.250000,299,9.200000,
53620,5166.000000,257.780000,247.130000,299,9.300000,
53520,5179.000000,257.610000,247.070000,299,9.500000,
53430,5193.000000,257.460000,247.030000,299,9.600000,
53340,5205.000000,257.360000,247.070000,298,9.800000,
53270,5216.000000,257.360000,247.020000,297,9.900000,
53190,5227.000000,257.260000,246.950000,296,10.000000,
53130,5235.000000,257.210000,246.940000,295,10.100000,
53080,5242.000000,257.190000,246.870000,295,10.100000,
53010,5253.000000,257.110000,246.670000,294,10.100000,
52890,5269.000000,256.910000,246.390000,294,10.100000,
52800,5282.000000,256.860000,246.250000,295,10.100000,
52730,5292.000000,256.790000,246.010000,296,10.100000,
52670,5301.000000,256.760000,245.850000,296,10.200000,
52620,5308.000000,256.690000,245.700000,296,10.300000,
52520,5322.000000,256.590000,245.550000,295,10.300000,
52410,5338.000000,256.410000,245.410000,295,10.200000,
52320,5350.000000,256.310000,245.320000,294,10.100000,
52240,5361.000000,256.190000,245.240000,292,10.100000,
52200,5368.000000,256.110000,245.160000,292,10.100000,
52090,5383.000000,256.040000,245.090000,291,10.100000,
52040,5390.000000,256.010000,245.020000,291,10.100000,
51980,5400.000000,255.960000,244.870000,291,10.100000,
51890,5412.000000,255.860000,244.710000,291,10.100000,
51820,5422.000000,255.760000,244.540000,291,10.100000,
51760,5432.000000,255.680000,244.440000,291,10.100000,
51690,5441.000000,255.650000,244.390000,292,10.200000,
51620,5452.000000,255.600000,244.230000,293,10.300000,
51530,5465.000000,255.530000,243.710000,293,10.300000,
51450,5477.000000,255.500000,243.370000,292,10.300000,
51380,5487.000000,255.520000,243.110000,292,10.100000,
51300,5498.000000,255.410000,242.730000,290,10.000000,
51200,5513.000000,255.410000,242.260000,289,10.000000,
51130,5523.000000,255.430000,241.830000,288,10.000000,
51060,5533.000000,255.370000,241.390000,288,10.100000,
51000,5542.000000,255.370000,240.950000,288,10.300000,
50950,5550.000000,255.290000,240.700000,288,10.400000,
50870,5561.000000,255.150000,240.450000,289,10.500000,
50780,5574.000000,255.040000,240.300000,289,10.600000,
50710,5584.000000,254.950000,240.240000,290,10.600000,
50670,5591.000000,254.900000,240.220000,290,10.600000,
50580,5603.000000,254.750000,240.190000,290,10.600000,
50510,5614.000000,254.640000,240.140000,290,10.600000,
50450,5622.000000,254.550000,240.100000,290,10.600000,
50400,5631.000000,254.460000,240.030000,290,10.600000,
50320,5642.000000,254.350000,239.940000,290,10.600000,
50260,5651.000000,254.290000,239.920000,290,10.500000,
50200,5660.000000,254.200000,239.860000,290,10.600000,
50110,5673.000000,254.090000,239.740000,289,10.700000,
50000,5689.000000,253.960000,239.650000,289,10.800000,
49930,5699.000000,253.820000,239.540000,290,11.000000,
49840,5713.000000,253.710000,239.430000,290,11.100000,
49750,5727.000000,253.600000,239.340000,290,11.200000,
49670,5738.000000,253.560000,239.340000,290,11.100000,
49610,5748.000000,253.450000,239.230000,289,11.000000,
49540,5759.000000,253.360000,239.130000,288,10.800000,
49460,5769.000000,253.250000,239.060000,287,10.700000,
49400,5779.000000,253.240000,238.960000,286,10.600000,
49330,5789.000000,253.180000,238.640000,286,10.600000,
49280,5797.000000,253.230000,238.040000,287,10.700000,
49210,5808.000000,253.200000,237.410000,287,10.900000,
49110,5822.000000,253.270000,235.680000,286,11.000000,
49020,5836.000000,253.230000,234.790000,286,11.100000,
48940,5848.000000,253.180000,234.360000,285,11.100000,
48880,5857.000000,253.140000,234.130000,284,11.100000,
48820,5867.000000,253.090000,233.850000,284,11.300000,
48720,5881.000000,253.000000,233.550000,283,11.500000,
48630,5895.000000,252.920000,233.310000,283,11.700000,
48580,5902.000000,252.920000,233.150000,283,11.800000,
48520,5912.000000,252.940000,233.030000,282,11.900000,
48420,5927.000000,252.830000,232.730000,282,12.000000,
48340,5940.000000,252.770000,232.630000,282,12.100000,
48260,5952.000000,252.720000,232.650000,282,12.300000,
48180,5965.000000,252.630000,232.690000,282,12.600000,
48100,5977.000000,252.590000,233.220000,282,12.900000,
48050,5984.000000,252.590000,233.550000,281,13.100000,
47990,5994.000000,252.500000,233.560000,281,13.200000,
47930,6003.000000,252.430000,233.560000,280,13.200000,
47880,6010.000000,252.390000,233.640000,278,13.200000,
47800,6022.000000,252.270000,233.790000,277,13.300000,
47700,6038.000000,252.150000,233.860000,277,13.300000,
47620,6050.000000,252.020000,233.860000,276,13.400000,
47540,6063.000000,251.950000,233.830000,276,13.500000,
47480,6072.000000,251.840000,233.750000,276,13.400000,
47430,6081.000000,251.790000,233.710000,276,13.300000,
47350,6093.000000,251.600000,233.540000,277,13.100000,
47270,6105.000000,251.510000,233.480000,277,13.000000,
47200,6116.000000,251.440000,233.590000,277,12.900000,
47140,6125.000000,251.370000,233.760000,277,12.900000,
47090,6133.000000,251.300000,233.880000,276,13.000000,
47020,6144.000000,251.210000,234.010000,276,13.000000,
46930,6157.000000,251.080000,234.140000,275,13.000000,
46840,6172.000000,251.030000,234.070000,274,13.000000,
46760,6184.000000,250.990000,233.750000,274,12.900000,
46700,6194.000000,250.970000,233.370000,273,12.700000,
46650,6203.000000,250.900000,232.960000,273,12.600000,
46580,6213.000000,250.840000,232.470000,273,12.500000,
46510,6225.000000,250.710000,231.970000,273,12.400000,
46420,6238.000000,250.640000,231.870000,273,12.500000,
46330,6252.000000,250.490000,231.850000,272,12.500000,
46250,6265.000000,250.420000,231.940000,271,12.400000,
46160,6279.000000,250.270000,231.860000,270,12.500000,
46080,6292.000000,250.210000,232.110000,269,12.500000,
46020,6303.000000,250.140000,231.990000,267,12.400000,
45930,6316.000000,249.990000,231.780000,266,12.300000,
45830,6332.000000,249.880000,231.370000,266,12.200000,
45780,6340.000000,249.810000,231.210000,266,12.200000,
45760,6343.000000,249.750000,231.180000,266,12.000000,
45660,6359.000000,249.620000,231.140000,266,11.800000,
45560,6375.000000,249.470000,231.190000,266,11.700000,
45500,6385.000000,249.420000,231.280000,266,11.700000,
45450,6392.000000,249.340000,231.450000,266,11.700000,
45380,6404.000000,249.250000,231.490000,266,11.800000,
45310,6415.000000,249.210000,231.550000,266,11.900000,
45260,6424.000000,249.180000,231.410000,266,12.000000,
45180,6436.000000,249.160000,231.040000,267,11.900000,
45120,6446.000000,249.180000,231.020000,268,11.900000,
45020,6462.000000,249.090000,232.020000,269,11.900000,
44950,6474.000000,249.010000,232.700000,271,11.900000,
44890,6483.000000,248.990000,233.300000,271,12.000000,
44840,6491.000000,248.920000,233.890000,272,12.200000,
44780,6502.000000,248.860000,234.340000,273,12.400000,
44720,6512.000000,248.750000,234.740000,274,12.500000,
44660,6521.000000,248.640000,234.850000,274,12.600000,
44580,6533.000000,248.530000,234.810000,274,12.600000,
44500,6547.000000,248.370000,234.660000,275,12.500000,
44420,6560.000000,248.310000,234.530000,275,12.400000,
44370,6568.000000,248.240000,234.330000,275,12.200000,
44290,6582.000000,248.090000,234.000000,275,12.100000,
44210,6595.000000,247.980000,233.730000,275,12.000000,
44120,6610.000000,247.830000,233.800000,276,11.900000,
44070,6618.000000,247.780000,233.950000,276,11.700000,
44030,6623.000000,247.690000,234.070000,275,11.600000,
43970,6633.000000,247.610000,234.180000,275,11.600000,
43900,6646.000000,247.430000,234.300000,275,11.500000,
43810,6660.000000,247.280000,234.510000,274,11.300000,
43740,6671.000000,247.210000,234.620000,274,11.200000,
43690,6680.000000,247.170000,234.760000,273,11.100000,
43620,6691.000000,246.990000,234.770000,273,10.900000,
43540,6705.000000,246.860000,234.820000,272,10.700000,
43460,6718.000000,246.810000,234.930000,272,10.600000,
43390,6730.000000,246.700000,234.960000,271,10.600000,
43310,6744.000000,246.570000,234.770000,271,10.500000,
43210,6759.000000,246.440000,234.590000,271,10.500000,
43150,6769.000000,246.370000,234.470000,271,10.500000,
43100,6777.000000,246.310000,234.370000,272,10.600000,
43040,6789.000000,246.180000,234.220000,272,10.600000,
42990,6797.000000,246.130000,234.100000,272,10.700000,
42920,6809.000000,246.000000,233.900000,273,10.800000,
42870,6816.000000,245.960000,233.850000,273,10.900000,
42810,6827.000000,245.820000,233.760000,273,11.100000,
42730,6841.000000,245.690000,233.670000,273,11.200000,
42630,6857.000000,245.540000,233.580000,274,11.400000,
42560,6869.000000,245.420000,233.610000,274,11.600000,
42510,6877.000000,245.340000,233.680000,274,11.800000,
42450,6888.000000,245.200000,233.730000,274,12.000000,
42360,6903.000000,245.030000,233.800000,273,12.200000,
42290,6915.000000,244.960000,234.110000,273,12.500000,
42240,6924.000000,244.980000,234.420000,272,12.800000,
42200,6931.000000,244.850000,234.380000,272,13.000000,
42130,6943.000000,244.760000,234.320000,272,13.200000,
42070,6953.000000,244.670000,234.420000,272,13.400000,
42020,6960.000000,244.580000,234.580000,272,13.600000,
41940,6974.000000,244.470000,234.660000,272,13.800000,
41870,6986.000000,244.360000,234.610000,272,14.000000,
41790,7000.000000,244.200000,234.520000,272,14.200000,
41710,7013.000000,244.040000,234.520000,271,14.300000,
41660,7021.000000,244.070000,234.720000,271,14.400000,
41600,7032.000000,244.000000,235.030000,272,14.400000,
41540,7043.000000,243.910000,235.210000,272,14.400000,
41460,7057.000000,243.750000,235.200000,271,14.400000,
41360,7073.000000,243.640000,235.010000,271,14.400000,
41290,7085.000000,243.550000,234.870000,271,14.400000,
41240,7094.000000,243.500000,234.800000,272,14.200000,
41190,7103.000000,243.410000,234.720000,272,14.000000,
41120,7116.000000,243.320000,234.640000,273,13.800000,
41050,7127.000000,243.140000,234.460000,274,13.600000,
40990,7137.000000,243.070000,234.390000,274,13.400000,
40950,7145.000000,243.010000,234.330000,274,13.300000,
40890,7155.000000,242.890000,234.210000,274,13.300000,
40800,7170.000000,242.730000,234.100000,273,13.200000,
40710,7187.000000,242.690000,233.990000,273,13.200000,
40630,7201.000000,242.620000,233.620000,272,13.200000,
40580,7209.000000,242.620000,233.130000,272,13.200000,
40540,7216.000000,242.550000,232.630000,271,13.200000,
40470,7228.000000,242.430000,231.970000,271,13.300000,
40400,7240.000000,242.340000,231.450000,270,13.400000,
40310,7257.000000,242.160000,231.030000,270,13.500000,
40220,7273.000000,242.000000,230.720000,270,13.700000,
40160,7283.000000,241.930000,230.590000,270,13.900000,
40100,7293.000000,241.900000,230.340000,269,14.100000,
40040,7304.000000,241.830000,230.030000,269,14.300000,
40000,7311.000000,241.670000,229.770000,269,14.500000,
39900,7329.000000,241.630000,229.790000,269,14.700000,
39820,7342.000000,241.490000,229.730000,269,14.800000,
39760,7354.000000,241.420000,229.690000,268,14.900000,
39700,7364.000000,241.310000,229.610000,268,14.900000,
39640,7375.000000,241.210000,229.530000,268,14.700000,
39590,7384.000000,241.090000,229.470000,268,14.600000,
39520,7396.000000,240.980000,229.400000,269,14.400000,
39440,7410.000000,240.840000,229.340000,269,14.400000,
39370,7422.000000,240.730000,229.290000,269,14.300000,
39320,7432.000000,240.700000,229.290000,270,14.300000,
39260,7443.000000,240.560000,229.150000,269,14.300000,
39190,7455.000000,240.440000,229.060000,269,14.400000,
39140,7464.000000,240.320000,229.010000,269,14.300000,
39070,7476.000000,240.200000,228.960000,269,14.200000,
39000,7490.000000,240.010000,228.850000,270,14.100000,
38920,7505.000000,239.920000,228.880000,270,14.000000,
38830,7520.000000,239.700000,228.750000,270,13.800000,
38780,7529.000000,239.660000,228.800000,270,13.700000,
38750,7535.000000,239.630000,228.860000,270,13.600000,
38710,7543.000000,239.610000,228.930000,270,13.500000,
38640,7555.000000,239.420000,228.810000,271,13.400000,
38550,7571.000000,239.250000,228.730000,271,13.400000,
38480,7583.000000,239.150000,228.710000,272,13.500000,
38440,7591.000000,239.080000,228.670000,273,13.600000,
38370,7604.000000,238.990000,228.610000,274,13.600000,
38320,7613.000000,238.940000,228.580000,274,13.600000,
38260,7625.000000,238.790000,228.450000,275,13.600000,
38170,7640.000000,238.620000,228.340000,275,13.500000,
38070,7658.000000,238.480000,228.290000,276,13.300000,
38010,7669.000000,238.310000,228.250000,276,13.100000,
37940,7683.000000,238.210000,228.240000,276,13.100000,
37870,7695.000000,238.090000,228.230000,276,13.000000,
37810,7706.000000,238.020000,228.300000,276,12.900000,
37740,7719.000000,237.870000,228.330000,276,12.900000,
37660,7734.000000,237.720000,228.480000,276,12.900000,
37580,7749.000000,237.600000,228.860000,276,12.800000,
37510,7761.000000,237.530000,229.050000,276,12.800000,
37470,7770.000000,237.450000,229.110000,275,12.700000,
37410,7781.000000,237.360000,229.150000,275,12.600000,
37330,7795.000000,237.310000,229.210000,274,12.400000,
37270,7807.000000,237.160000,229.180000,274,12.300000,
37200,7819.000000,237.030000,229.090000,274,12.200000,
37130,7833.000000,236.890000,228.940000,273,12.100000,
37060,7846.000000,236.740000,228.790000,273,12.200000,
37010,7856.000000,236.660000,228.740000,273,12.300000,
36930,7870.000000,236.540000,228.610000,273,12.500000,
36880,7880.000000,236.490000,228.590000,273,12.600000,
36820,7891.000000,236.340000,228.490000,273,12.800000,
36760,7902.000000,236.230000,228.410000,273,12.900000,
36710,7911.000000,236.130000,228.320000,273,13.000000,
36640,7924.000000,235.980000,228.190000,274,12.900000,
36560,7939.000000,235.830000,228.060000,274,13.000000,
36490,7953.000000,235.700000,227.960000,275,13.000000,
36420,7967.000000,235.620000,227.930000,275,13.100000,
36370,7976.000000,235.520000,227.860000,276,13.100000,
36320,7985.000000,235.420000,227.800000,276,13.200000,
36260,7996.000000,235.320000,227.810000,277,13.300000,
36170,8013.000000,235.160000,227.640000,277,13.300000,
36110,8025.000000,235.070000,227.440000,278,13.200000,
36060,8034.000000,234.980000,227.220000,278,13.100000,
36010,8045.000000,234.930000,227.060000,279,13.000000,
35960,8054.000000,234.880000,227.000000,279,12.800000,
35890,8067.000000,234.720000,226.890000,278,12.700000,
35810,8082.000000,234.620000,226.890000,278,12.500000,
35730,8097.000000,234.440000,226.850000,278,12.400000,
35650,8113.000000,234.280000,226.800000,278,12.300000,
35590,8124.000000,234.250000,226.850000,278,12.200000,
35550,8133.000000,234.180000,226.860000,278,12.100000,
35510,8140.000000,234.120000,226.950000,278,12.100000,
35460,8150.000000,234.040000,227.030000,278,12.100000,
35410,8159.000000,233.910000,227.030000,278,12.000000,
35360,8169.000000,233.830000,227.010000,278,11.900000,
35300,8180.000000,233.710000,226.940000,277,11.800000,
35230,8195.000000,233.520000,226.790000,277,11.700000,
35140,8211.000000,233.360000,226.700000,276,11.500000,
35070,8226.000000,233.250000,226.670000,275,11.400000,
35030,8234.000000,233.170000,226.670000,274,11.400000,
34990,8241.000000,233.120000,226.700000,274,11.300000,
34930,8253.000000,232.980000,226.630000,273,11.200000,
34850,8267.000000,232.850000,226.570000,273,11.100000,
34800,8278.000000,232.740000,226.540000,273,10.900000,
34720,8294.000000,232.550000,226.470000,273,10.700000,
34650,8307.000000,232.470000,226.500000,272,10.600000,
34600,8317.000000,232.410000,226.520000,272,10.600000,
34560,8325.000000,232.360000,226.560000,271,10.700000,
34510,8336.000000,232.220000,226.540000,270,10.700000,
34470,8343.000000,232.160000,226.560000,269,10.700000,
34400,8358.000000,232.020000,226.490000,269,10.700000,
34340,8369.000000,231.890000,226.420000,268,10.600000,
34270,8382.000000,231.750000,226.340000,268,10.600000,
34200,8397.000000,231.640000,226.260000,268,10.700000,
34120,8412.000000,231.580000,226.180000,268,10.900000,
34070,8422.000000,231.470000,226.070000,269,11.000000,
34010,8435.000000,231.350000,225.990000,269,11.000000,
33930,8449.000000,231.240000,225.920000,269,11.100000,
33870,8462.000000,231.160000,225.850000,269,11.200000,
33820,8472.000000,231.040000,225.790000,269,11.300000,
33770,8481.000000,230.990000,225.810000,270,11.400000,
33720,8491.000000,230.900000,225.800000,270,11.600000,
33670,8503.000000,230.730000,225.700000,270,11.600000,
33610,8513.000000,230.650000,225.680000,271,11.600000,
33550,8527.000000,230.500000,225.570000,271,11.500000,
33470,8541.000000,230.420000,225.490000,271,11.500000,
33410,8555.000000,230.360000,225.310000,272,11.600000,
33360,8563.000000,230.330000,225.130000,273,11.600000,
33310,8574.000000,230.240000,224.940000,274,11.800000,
33260,8584.000000,230.180000,224.800000,275,11.900000,
33200,8597.000000,230.070000,224.660000,276,11.900000,
33150,8606.000000,229.920000,224.440000,276,11.900000,
33090,8619.000000,229.750000,224.210000,276,11.800000,
33030,8631.000000,229.690000,224.080000,276,11.600000,
32950,8647.000000,229.630000,223.970000,276,11.400000,
32880,8661.000000,229.510000,223.830000,275,11.200000,
32820,8675.000000,229.390000,223.720000,275,11.000000,
32780,8683.000000,229.360000,223.740000,275,10.900000,
32730,8693.000000,229.330000,223.730000,275,10.700000,
32670,8705.000000,229.280000,223.620000,276,10.700000,
32610,8717.000000,229.160000,223.470000,276,10.800000,
32540,8731.000000,229.010000,223.330000,277,10.800000,
32470,8745.000000,228.860000,223.160000,277,10.800000,
32420,8756.000000,228.770000,223.000000,277,10.800000,
32390,8762.000000,228.740000,222.900000,277,10.800000,
32340,8772.000000,228.650000,222.750000,276,10.600000,
32290,8782.000000,228.590000,222.600000,276,10.400000,
32240,8793.000000,228.500000,222.370000,277,10.200000,
32180,8806.000000,228.370000,222.080000,278,10.100000,
32120,8819.000000,228.250000,221.750000,279,10.100000,
32040,8834.000000,228.130000,221.470000,280,10.100000,
31980,8847.000000,228.070000,221.280000,281,10.200000,
31950,8855.000000,227.890000,220.990000,282,10.300000,
31900,8865.000000,227.820000,220.890000,283,10.300000,
31830,8880.000000,227.760000,220.720000,284,10.400000,
31760,8893.000000,227.700000,220.540000,285,10.400000,
31730,8900.000000,227.670000,220.440000,285,10.300000,
31680,8911.000000,227.510000,220.220000,285,10.000000,
31610,8925.000000,227.450000,220.150000,285,9.800000,
31540,8939.000000,227.420000,220.200000,286,9.500000,
31470,8956.000000,227.290000,220.100000,287,9.100000,
31420,8966.000000,227.230000,220.040000,288,8.900000,
31360,8979.000000,227.170000,219.960000,288,8.800000,
31300,8991.000000,227.070000,219.850000,288,8.900000,
31240,9004.000000,226.980000,219.700000,288,9.000000,
31170,9019.000000,226.820000,219.580000,288,9.100000,
31110,9031.000000,226.720000,219.550000,288,9.100000,
31060,9043.000000,226.660000,219.580000,288,9.200000,
31010,9052.000000,226.500000,219.460000,289,9.200000,
30960,9063.000000,226.400000,219.400000,290,9.200000,
30900,9075.000000,226.280000,219.370000,290,9.000000,
30850,9086.000000,226.180000,219.360000,291,8.900000,
30780,9102.000000,226.050000,219.330000,291,8.800000,
30730,9113.000000,226.020000,219.360000,291,8.800000,
30680,9124.000000,225.850000,219.270000,292,8.800000,
30620,9137.000000,225.720000,219.190000,292,9.000000,
30560,9149.000000,225.690000,219.180000,291,9.200000,
30490,9163.000000,225.480000,218.960000,291,9.500000,
30420,9181.000000,225.350000,218.840000,291,9.700000,
30370,9191.000000,225.250000,218.810000,290,9.800000,
30340,9198.000000,225.250000,218.850000,290,9.800000,
30300,9206.000000,225.150000,218.800000,289,9.700000,
30260,9215.000000,225.110000,218.790000,289,9.600000,
30200,9227.000000,225.040000,218.750000,288,9.600000,
30150,9237.000000,224.940000,218.650000,287,9.500000,
30100,9249.000000,224.780000,218.480000,286,9.400000,
30050,9261.000000,224.730000,218.480000,285,9.300000,
30000,9271.000000,224.660000,218.380000,285,9.400000,
29940,9284.000000,224.640000,218.310000,284,9.500000,
29880,9296.000000,224.590000,218.140000,285,9.600000,
29820,9311.000000,224.470000,217.840000,285,9.700000,
29770,9321.000000,224.430000,217.590000,285,9.800000,
29720,9334.000000,224.380000,217.400000,285,9.900000,
29640,9350.000000,224.290000,217.080000,286,10.000000,
29580,9364.000000,224.240000,216.820000,286,10.000000,
29530,9376.000000,224.150000,216.550000,285,10.100000,
29480,9386.000000,224.050000,216.290000,285,10.200000,
29430,9396.000000,223.920000,216.030000,285,10.300000,
29380,9408.000000,223.870000,215.880000,286,10.300000,
29320,9421.000000,223.760000,215.730000,286,10.300000,
29260,9435.000000,223.640000,215.590000,286,10.300000,
29200,9448.000000,223.460000,215.410000,286,10.300000,
29150,9460.000000,223.410000,215.390000,287,10.300000,
29110,9470.000000,223.370000,215.250000,287,10.300000,
29050,9482.000000,223.260000,215.180000,286,10.300000,
29000,9494.000000,223.230000,215.260000,286,10.400000,
28960,9503.000000,223.170000,215.230000,285,10.500000,
28900,9515.000000,223.100000,215.190000,285,10.600000,
28850,9526.000000,223.010000,215.200000,284,10.700000,
28790,9540.000000,222.850000,215.070000,284,10.800000,
28740,9552.000000,222.760000,214.970000,283,10.700000,
28700,9560.000000,222.720000,214.910000,283,10.600000,
28660,9571.000000,222.650000,214.870000,283,10.400000,
28620,9580.000000,222.590000,214.870000,283,10.200000,
28580,9589.000000,222.500000,214.870000,284,10.000000,
28530,9601.000000,222.430000,214.850000,284,9.900000,
28480,9611.000000,222.320000,214.760000,284,9.900000,
28420,9624.000000,222.300000,214.790000,284,9.800000,
28390,9632.000000,222.210000,214.720000,285,9.800000,
28340,9644.000000,222.080000,214.710000,285,9.800000,
28290,9655.000000,222.020000,214.710000,284,10.000000,
28240,9668.000000,222.000000,214.790000,284,10.100000,
28190,9679.000000,221.890000,214.880000,284,10.200000,
28130,9692.000000,221.760000,214.890000,284,10.300000,
28070,9705.000000,221.760000,215.000000,284,10.300000,
28010,9719.000000,221.690000,214.880000,283,10.300000,
27970,9730.000000,221.630000,214.870000,283,10.100000,
27910,9742.000000,221.650000,214.790000,282,10.000000,
27850,9757.000000,221.460000,214.550000,282,9.900000,
27790,9770.000000,221.350000,214.400000,281,9.800000,
27750,9780.000000,221.270000,214.140000,281,9.800000,
27700,9792.000000,221.220000,213.970000,281,9.800000,
27660,9801.000000,221.140000,213.740000,281,9.800000,
27610,9813.000000,221.050000,213.540000,280,9.900000,
27560,9825.000000,220.990000,213.220000,280,10.100000,
27510,9837.000000,220.840000,213.140000,279,10.100000,
27450,9851.000000,220.720000,212.920000,279,10.100000,
27390,9863.000000,220.700000,212.940000,280,10.000000,
27360,9871.000000,220.630000,212.710000,280,10.000000,
27310,9884.000000,220.550000,212.650000,279,9.900000,
27270,9894.000000,220.470000,212.470000,279,9.800000,
27210,9906.000000,220.320000,212.250000,278,9.700000,
27160,9919.000000,220.160000,211.930000,277,9.700000,
27120,9928.000000,220.140000,211.800000,277,9.700000,
27070,9940.000000,220.010000,211.600000,276,9.800000,
27030,9951.000000,219.930000,211.310000,276,10.000000,
26970,9965.000000,219.830000,211.120000,275,10.100000,
26920,9977.000000,219.730000,210.940000,275,10.200000,
26860,9991.000000,219.600000,210.910000,275,10.300000,
26800,10004.000000,219.440000,210.600000,274,10.400000,
26750,10017.000000,219.500000,210.660000,273,10.300000,
26690,10031.000000,219.440000,210.320000,273,10.200000,
26640,10043.000000,219.400000,210.280000,272,10.100000,
26600,10054.000000,219.280000,210.070000,272,10.000000,
26550,10066.000000,219.280000,210.050000,271,9.900000,
26510,10075.000000,219.140000,209.910000,271,9.800000,
26450,10089.000000,219.100000,209.750000,271,9.700000,
26400,10100.000000,219.020000,209.510000,272,9.600000,
26360,10110.000000,218.980000,209.320000,271,9.500000,
26320,10121.000000,218.870000,209.030000,272,9.400000,
26280,10131.000000,218.690000,208.810000,272,9.200000,
26240,10140.000000,218.710000,208.860000,272,9.100000,
26200,10151.000000,218.650000,208.720000,272,9.000000,
26150,10162.000000,218.490000,208.570000,273,8.900000,
26110,10172.000000,218.410000,208.470000,272,8.800000,
26050,10186.000000,218.250000,208.390000,271,8.700000,
25990,10200.000000,218.180000,208.400000,270,8.600000,
25960,10209.000000,218.050000,208.560000,270,8.500000,
25900,10223.000000,217.910000,208.360000,270,8.500000,
25860,10234.000000,217.910000,208.220000,269,8.500000,
25820,10243.000000,217.710000,207.790000,269,8.500000,
25760,10258.000000,217.570000,207.650000,268,8.500000,
25720,10269.000000,217.470000,207.700000,268,8.600000,
25670,10279.000000,217.490000,207.800000,268,8.700000,
25620,10292.000000,217.390000,207.560000,268,8.800000,
25580,10302.000000,217.230000,207.420000,269,9.000000,
25530,10314.000000,217.080000,207.200000,269,9.100000,
25470,10330.000000,217.060000,207.240000,270,9.200000,
25420,10342.000000,217.040000,207.290000,270,9.300000,
25370,10354.000000,216.840000,207.080000,270,9.400000,
25320,10369.000000,216.750000,207.310000,270,9.400000,
25270,10379.000000,216.730000,207.450000,271,9.600000,
25230,10391.000000,216.610000,207.180000,271,9.700000,
25180,10404.000000,216.490000,207.180000,272,9.900000,
25120,10419.000000,216.340000,206.950000,272,9.900000,
25070,10430.000000,216.220000,207.090000,273,10.100000,
25000,10448.000000,216.110000,207.050000,274,10.200000,
24970,10455.000000,216.050000,206.940000,275,10.200000,
24940,10463.000000,215.970000,207.010000,276,10.200000,
24880,10479.000000,215.860000,207.120000,276,10.200000,
24830,10492.000000,215.800000,207.400000,277,10.100000,
24790,10502.000000,215.670000,207.350000,278,10.000000,
24740,10514.000000,215.630000,207.540000,278,9.900000,
24690,10526.000000,215.420000,207.590000,279,9.800000,
24630,10543.000000,215.340000,207.800000,280,9.800000,
24570,10558.000000,215.270000,207.920000,282,9.800000,
24520,10569.000000,215.190000,208.040000,283,9.800000,
24470,10583.000000,215.210000,208.190000,285,9.600000,
24420,10597.000000,214.890000,208.090000,286,9.500000,
24360,10612.000000,214.810000,208.140000,287,9.300000,
24290,10629.000000,214.830000,208.180000,287,9.200000,
24230,10644.000000,214.790000,208.440000,286,8.900000,
24190,10656.000000,214.770000,208.460000,286,8.700000,
24130,10671.000000,214.660000,208.460000,285,8.600000,
24090,10682.000000,214.600000,208.560000,285,8.500000,
24040,10695.000000,214.430000,208.290000,285,8.400000,
23980,10711.000000,214.340000,208.160000,285,8.400000,
23940,10720.000000,214.270000,208.190000,284,8.400000,
23900,10732.000000,214.230000,208.300000,284,8.500000,
23840,10748.000000,214.190000,208.340000,284,8.600000,
23790,10759.000000,214.100000,208.290000,284,8.700000,
23750,10772.000000,214.060000,208.400000,283,8.700000,
23700,10784.000000,213.980000,208.180000,283,8.700000,
23640,10800.000000,213.980000,208.060000,284,8.800000,
23610,10809.000000,213.930000,207.790000,284,8.900000,
23560,10821.000000,213.830000,207.700000,284,9.000000,
23520,10832.000000,213.830000,207.660000,283,9.100000,
23490,10840.000000,213.760000,207.560000,283,9.200000,
23440,10852.000000,213.670000,207.420000,283,9.300000,
23390,10866.000000,213.570000,207.220000,282,9.400000,
23350,10878.000000,213.560000,207.090000,282,9.500000,
23290,10892.000000,213.480000,206.820000,281,9.500000,
23240,10905.000000,213.310000,206.360000,280,9.600000,
23200,10916.000000,213.260000,206.420000,280,9.700000,
23150,10932.000000,213.170000,206.520000,279,9.800000,
23100,10944.000000,213.070000,206.230000,279,9.900000,
23060,10956.000000,212.910000,206.230000,278,9.900000,
23000,10972.000000,212.960000,206.420000,278,10.000000,
22960,10983.000000,212.910000,206.380000,277,10.100000,
22910,10995.000000,212.760000,206.310000,276,10.200000,
22870,11007.000000,212.720000,206.300000,275,10.300000,
22830,11018.000000,212.530000,206.070000,275,10.300000,
22780,11032.000000,212.440000,206.030000,275,10.400000,
22730,11045.000000,212.270000,206.030000,275,10.500000,
22690,11057.000000,212.330000,206.220000,275,10.600000,
22660,11065.000000,212.220000,206.260000,276,10.700000,
22620,11076.000000,212.270000,206.190000,276,10.900000,
22580,11086.000000,212.140000,206.160000,277,11.000000,
22540,11097.000000,212.050000,206.130000,277,11.100000,
22490,11110.000000,211.970000,205.970000,278,11.200000,
22450,11123.000000,211.920000,205.980000,278,11.300000,
22400,11135.000000,211.890000,205.840000,278,11.300000,
22370,11145.000000,211.880000,205.850000,278,11.400000,
22340,11153.000000,211.900000,205.720000,278,11.400000,
22310,11162.000000,211.860000,205.810000,279,11.500000,
22270,11171.000000,211.770000,205.660000,279,11.500000,
22240,11181.000000,211.730000,205.580000,280,11.400000,
22190,11194.000000,211.570000,205.270000,281,11.400000,
22150,11205.000000,211.510000,205.330000,281,11.300000,
22100,11218.000000,211.370000,205.020000,281,11.300000,
22060,11230.000000,211.180000,204.790000,281,11.300000,
22020,11242.000000,211.070000,204.680000,281,11.300000,
21970,11255.000000,210.980000,204.690000,281,11.300000,
21920,11269.000000,210.940000,204.660000,281,11.200000,
21880,11280.000000,210.980000,204.610000,280,11.100000,
21830,11295.000000,210.980000,204.820000,280,11.100000,
21780,11309.000000,211.020000,204.630000,280,11.100000,
21730,11323.000000,210.960000,204.550000,279,11.100000,
21690,11334.000000,210.940000,204.550000,279,11.200000,
21650,11346.000000,210.980000,204.560000,279,11.200000,
21610,11357.000000,210.870000,204.760000,278,11.200000,
21570,11368.000000,210.920000,204.660000,278,11.200000,
21530,11380.000000,210.760000,204.240000,277,11.300000,
21500,11391.000000,210.880000,204.200000,277,11.300000,
21460,11401.000000,211.030000,204.450000,276,11.300000,
21410,11414.000000,210.860000,204.250000,276,11.300000,
21360,11429.000000,211.030000,204.400000,276,11.400000,
21310,11443.000000,211.050000,204.540000,276,11.400000,
21270,11455.000000,211.060000,204.390000,276,11.400000,
21240,11464.000000,211.040000,204.280000,276,11.400000,
21200,11475.000000,211.010000,204.110000,276,11.500000,
21160,11486.000000,210.860000,203.970000,276,11.500000,
21120,11499.000000,210.730000,203.900000,276,11.500000,
21080,11511.000000,210.750000,204.010000,276,11.300000,
21040,11521.000000,210.610000,203.760000,275,11.200000,
21010,11532.000000,210.510000,203.590000,275,11.100000,
20950,11549.000000,210.480000,203.520000,274,11.100000,
20900,11563.000000,210.400000,203.350000,274,10.900000,
20850,11578.000000,210.310000,203.220000,274,10.800000,
20800,11593.000000,210.260000,203.260000,273,10.800000,
20750,11607.000000,210.240000,203.240000,273,10.700000,
20710,11619.000000,210.200000,203.160000,272,10.500000,
20670,11632.000000,210.180000,203.150000,272,10.400000,
20630,11643.000000,210.200000,203.100000,271,10.400000,
20610,11649.000000,210.200000,203.240000,270,10.300000,
20560,11665.000000,210.050000,202.910000,268,10.300000,
20510,11678.000000,210.090000,203.020000,267,10.200000,
20460,11694.000000,210.180000,202.890000,266,10.200000,
20410,11709.000000,210.310000,202.970000,265,10.000000,
20370,11722.000000,210.340000,203.120000,264,9.900000,
20320,11737.000000,210.450000,203.120000,263,9.800000,
20290,11746.000000,210.360000,203.120000,262,9.700000,
20250,11758.000000,210.340000,202.930000,261,9.600000,
20220,11768.000000,210.210000,202.940000,260,9.500000,
20170,11783.000000,210.160000,202.710000,259,9.500000,
20120,11797.000000,210.100000,203.230000,258,9.500000,
20080,11809.000000,209.990000,202.830000,258,9.500000,
20040,11823.000000,210.010000,203.250000,258,9.400000,
20000,11835.000000,209.960000,203.050000,258,9.200000,
19950,11849.000000,209.920000,203.070000,258,9.100000,
19910,11862.000000,209.830000,202.860000,258,9.000000,
19870,11874.000000,209.760000,202.790000,258,9.000000,
19830,11886.000000,209.610000,202.640000,258,9.000000,
19800,11897.000000,209.480000,202.430000,258,9.100000,
19760,11910.000000,209.430000,202.360000,258,9.100000,
19720,11921.000000,209.340000,201.930000,258,9.000000,
19680,11933.000000,209.210000,201.880000,258,8.800000,
19650,11942.000000,209.170000,201.610000,258,8.700000,
19620,11952.000000,209.060000,201.440000,258,8.600000,
19580,11965.000000,209.060000,201.400000,257,8.600000,
19540,11978.000000,209.120000,201.440000,256,8.700000,
19500,11991.000000,208.990000,201.450000,255,8.900000,
19440,12007.000000,209.010000,201.490000,253,9.100000,
19390,12024.000000,208.840000,201.360000,252,9.300000,
19360,12035.000000,208.770000,201.350000,251,9.500000,
19320,12046.000000,208.740000,201.430000,250,9.700000,
19300,12052.000000,208.750000,201.410000,250,9.900000,
19260,12065.000000,208.570000,201.420000,249,10.100000,
19230,12076.000000,208.680000,201.370000,248,10.200000,
19200,12085.000000,208.770000,201.680000,248,10.200000,
19170,12095.000000,208.810000,202.440000,247,10.300000,
19130,12107.000000,208.680000,202.270000,247,10.400000,
19100,12118.000000,208.680000,202.160000,247,10.700000,
19070,12126.000000,208.680000,202.000000,248,11.100000,
19030,12138.000000,208.550000,201.910000,248,11.600000,
19000,12148.000000,208.460000,201.900000,249,12.000000,
18960,12161.000000,208.440000,202.010000,249,12.300000,
18920,12174.000000,208.400000,201.900000,250,12.700000,
18870,12189.000000,208.400000,202.170000,250,12.800000,
18830,12203.000000,208.280000,202.160000,251,12.900000,
18800,12215.000000,208.140000,201.830000,251,13.100000,
18740,12231.000000,208.110000,201.740000,252,13.200000,
18700,12245.000000,208.330000,202.040000,252,13.400000,
18670,12255.000000,208.380000,202.520000,252,13.500000,
18640,12265.000000,208.450000,202.310000,253,13.500000,
18600,12278.000000,208.530000,202.220000,253,13.600000,
18570,12288.000000,208.620000,202.170000,253,13.600000,
18540,12299.000000,208.650000,202.480000,253,13.700000,
18500,12311.000000,208.650000,202.310000,254,13.700000,
18470,12321.000000,208.800000,202.190000,254,13.600000,
18440,12331.000000,208.720000,202.350000,254,13.300000,
18400,12343.000000,208.700000,202.260000,254,13.100000,
18370,12356.000000,208.690000,202.020000,255,12.900000,
18330,12369.000000,208.720000,201.840000,255,12.500000,
18290,12381.000000,208.670000,201.750000,255,12.200000,
18240,12397.000000,208.620000,201.660000,256,12.000000,
18190,12413.000000,208.610000,201.320000,256,11.900000,
18160,12426.000000,208.660000,201.200000,257,11.700000,
18130,12436.000000,208.900000,201.350000,257,11.500000,
18090,12449.000000,209.120000,201.720000,257,11.300000,
18050,12461.000000,209.350000,201.770000,258,11.200000,
18010,12474.000000,209.440000,201.490000,258,11.000000,
17980,12486.000000,209.620000,201.300000,258,10.800000,
17950,12497.000000,209.660000,201.010000,258,10.600000,
17910,12510.000000,209.760000,200.830000,258,10.400000,
17880,12521.000000,209.800000,200.570000,257,10.300000,
17830,12536.000000,209.760000,200.610000,257,10.200000,
17800,12546.000000,209.940000,200.430000,256,10.200000,
17770,12559.000000,210.020000,200.160000,255,10.200000,
17720,12576.000000,209.980000,199.840000,255,10.200000,
17680,12590.000000,209.960000,199.210000,254,10.200000,
17640,12604.000000,209.960000,198.770000,254,10.100000,
17610,12613.000000,209.920000,198.880000,254,10.100000,
17580,12624.000000,209.920000,198.990000,254,10.100000,
17550,12636.000000,210.090000,198.320000,255,10.100000,
17520,12646.000000,210.120000,198.480000,255,10.200000,
17480,12659.000000,210.100000,197.960000,255,10.300000,
17440,12674.000000,210.030000,198.080000,256,10.500000,
17410,12682.000000,210.050000,197.680000,257,10.700000,
17380,12695.000000,209.880000,197.130000,257,11.000000,
17330,12711.000000,209.830000,197.140000,257,11.200000,
17300,12724.000000,209.880000,196.920000,257,11.400000,
17260,12736.000000,209.790000,196.460000,258,11.600000,
17230,12748.000000,209.860000,196.270000,258,11.800000,
17190,12761.000000,209.790000,195.530000,258,11.900000,
17150,12775.000000,209.860000,195.130000,258,12.000000,
17120,12786.000000,209.860000,194.460000,259,12.100000,
17080,12800.000000,209.840000,194.170000,259,12.300000,
17050,12812.000000,209.810000,193.870000,259,12.300000,
17020,12824.000000,209.950000,193.450000,260,12.200000,
16990,12834.000000,210.060000,193.040000,260,12.000000,
16940,12850.000000,210.180000,192.610000,261,11.800000,
16900,12866.000000,210.220000,192.400000,261,11.600000,
16880,12874.000000,210.270000,192.250000,261,11.300000,
16850,12885.000000,210.400000,192.290000,261,11.200000,
16830,12891.000000,210.550000,192.330000,261,11.100000,
16800,12903.000000,210.690000,192.960000,261,11.000000,
16770,12913.000000,210.800000,192.840000,261,10.900000,
16740,12924.000000,210.890000,192.690000,261,10.900000,
16710,12936.000000,211.050000,192.630000,260,10.900000,
16680,12946.000000,211.180000,192.960000,260,10.900000,
16650,12959.000000,211.330000,192.310000,260,11.000000,
16610,12973.000000,211.350000,191.780000,259,11.000000,
16580,12984.000000,211.490000,192.120000,259,11.100000,
16560,12991.000000,211.660000,192.080000,259,11.200000,
16530,13003.000000,211.970000,192.570000,259,11.200000,
16500,13016.000000,212.150000,192.600000,259,11.400000,
16460,13028.000000,212.300000,192.860000,259,11.700000,
16440,13037.000000,212.410000,191.690000,258,11.900000,
16400,13052.000000,212.500000,192.470000,257,12.100000,
16370,13065.000000,212.730000,193.160000,257,12.400000,
16340,13075.000000,213.180000,193.470000,256,12.700000,
16310,13086.000000,213.150000,194.280000,255,12.800000,
16280,13098.000000,213.150000,193.980000,255,12.800000,
16250,13109.000000,213.130000,193.260000,254,12.900000,
16220,13120.000000,213.310000,193.230000,254,12.800000,
16190,13134.000000,213.390000,193.360000,254,12.700000,
16150,13150.000000,213.610000,192.860000,254,12.600000,
16110,13163.000000,213.940000,192.400000,254,12.500000,
16100,13168.000000,213.920000,191.830000,254,12.300000,
16070,13180.000000,213.850000,191.410000,254,12.200000,
16040,13190.000000,213.830000,190.680000,253,12.000000,
16010,13203.000000,213.730000,190.280000,252,11.800000,
15970,13217.000000,213.620000,190.300000,251,11.600000,
15950,13227.000000,213.710000,190.290000,251,11.400000,
15910,13241.000000,213.810000,189.730000,250,11.300000,
15880,13254.000000,213.810000,190.370000,250,11.100000,
15850,13267.000000,214.100000,189.690000,250,10.900000,
15810,13279.000000,214.180000,189.080000,251,10.700000,
15790,13291.000000,214.360000,190.460000,251,10.500000,
15750,13305.000000,214.510000,191.010000,252,10.300000,
15720,13319.000000,214.640000,191.490000,253,10.200000,
15680,13332.000000,214.730000,190.830000,253,10.100000,
15650,13347.000000,215.030000,190.440000,253,10.100000,
15620,13358.000000,215.280000,191.300000,254,10.000000,
15590,13369.000000,215.430000,191.370000,254,10.000000,
15560,13381.000000,215.280000,192.760000,255,10.000000,
15530,13392.000000,215.370000,192.370000,255,10.000000,
15500,13405.000000,215.240000,191.910000,256,10.000000,
15470,13416.000000,215.160000,191.720000,256,10.000000,
15440,13431.000000,215.110000,192.260000,256,9.900000,
18720,12238.000000,215.240000,191.950000,257,9.900000,
